{
  "uid" : "a6fbf56f5f640b4d",
  "name" : "TC-01.19 (20 is not prime number)[TC-01.19 (20 is not prime number),20,false]",
  "title" : "19 (20 is not prime number) [TC-01.19 (20 is not prime number),20,false]",
  "time" : {
    "start" : 1527274045479,
    "stop" : 1527274045480,
    "duration" : 1
  },
  "summary" : {
    "attachments" : 0,
    "steps" : 0
  },
  "failure" : null,
  "description" : null,
  "severity" : "NORMAL",
  "status" : "PASSED",
  "suite" : {
    "uid" : "68c373412dfda4f9",
    "name" : "Surefire suite : Surefire test",
    "title" : "Surefire suite : Surefire test"
  },
  "steps" : [ ],
  "attachments" : [ ],
  "issues" : [ ],
  "testIds" : [ ],
  "labels" : [ {
    "name" : "suite-name",
    "value" : "Surefire suite : Surefire test"
  }, {
    "name" : "testMethod",
    "value" : "test"
  }, {
    "name" : "language",
    "value" : "JAVA"
  }, {
    "name" : "host",
    "value" : "Sergeis-MacBook-Pro.local"
  }, {
    "name" : "testSuite",
    "value" : "Surefire suite"
  }, {
    "name" : "framework",
    "value" : "TestNG"
  }, {
    "name" : "testGroup",
    "value" : "Surefire test"
  }, {
    "name" : "testClass",
    "value" : "core.PrimeNumberCheckerTest"
  }, {
    "name" : "thread",
    "value" : "1856@Sergeis-MacBook-Pro.local.main(1)"
  }, {
    "name" : "suite-title",
    "value" : "Surefire suite : Surefire test"
  } ],
  "parameters" : [ ]
}