{
  "features" : [ {
    "title" : "Without feature",
    "statistic" : {
      "total" : 19,
      "passed" : 19,
      "pending" : 0,
      "canceled" : 0,
      "failed" : 0,
      "broken" : 0
    },
    "stories" : [ {
      "uid" : "b30c33f911512008",
      "title" : "Without story",
      "statistic" : {
        "total" : 19,
        "passed" : 19,
        "pending" : 0,
        "canceled" : 0,
        "failed" : 0,
        "broken" : 0
      },
      "testCases" : [ {
        "uid" : "52507b73fdd0e394",
        "name" : "TC-01.01 (2 is prime number)[TC-01.01 (2 is prime number),2,true]",
        "title" : "01 (2 is prime number) [TC-01.01 (2 is prime number),2,true]",
        "time" : {
          "start" : 1527274045427,
          "stop" : 1527274045433,
          "duration" : 6
        },
        "severity" : "NORMAL",
        "status" : "PASSED"
      }, {
        "uid" : "73e98e1747935f54",
        "name" : "TC-01.02 (3 is prime number)[TC-01.02 (3 is prime number),3,true]",
        "title" : "02 (3 is prime number) [TC-01.02 (3 is prime number),3,true]",
        "time" : {
          "start" : 1527274045436,
          "stop" : 1527274045437,
          "duration" : 1
        },
        "severity" : "NORMAL",
        "status" : "PASSED"
      }, {
        "uid" : "9f3e45147cbd4295",
        "name" : "TC-01.03 (4 is not prime number)[TC-01.03 (4 is not prime number),4,false]",
        "title" : "03 (4 is not prime number) [TC-01.03 (4 is not prime number),4,false]",
        "time" : {
          "start" : 1527274045439,
          "stop" : 1527274045440,
          "duration" : 1
        },
        "severity" : "NORMAL",
        "status" : "PASSED"
      }, {
        "uid" : "64eeae6ab6f9c42f",
        "name" : "TC-01.04 (5 is prime number)[TC-01.04 (5 is prime number),5,true]",
        "title" : "04 (5 is prime number) [TC-01.04 (5 is prime number),5,true]",
        "time" : {
          "start" : 1527274045441,
          "stop" : 1527274045441,
          "duration" : 0
        },
        "severity" : "NORMAL",
        "status" : "PASSED"
      }, {
        "uid" : "d09d3425233c61e8",
        "name" : "TC-01.05 (6 is not prime number)[TC-01.05 (6 is not prime number),6,false]",
        "title" : "05 (6 is not prime number) [TC-01.05 (6 is not prime number),6,false]",
        "time" : {
          "start" : 1527274045443,
          "stop" : 1527274045443,
          "duration" : 0
        },
        "severity" : "NORMAL",
        "status" : "PASSED"
      }, {
        "uid" : "eb5ba47d5b0079d3",
        "name" : "TC-01.06 (7 is prime number)[TC-01.06 (7 is prime number),7,true]",
        "title" : "06 (7 is prime number) [TC-01.06 (7 is prime number),7,true]",
        "time" : {
          "start" : 1527274045445,
          "stop" : 1527274045447,
          "duration" : 2
        },
        "severity" : "NORMAL",
        "status" : "PASSED"
      }, {
        "uid" : "5ab66f53c38761c2",
        "name" : "TC-01.07 (8 is not prime number)[TC-01.07 (8 is not prime number),8,false]",
        "title" : "07 (8 is not prime number) [TC-01.07 (8 is not prime number),8,false]",
        "time" : {
          "start" : 1527274045448,
          "stop" : 1527274045449,
          "duration" : 1
        },
        "severity" : "NORMAL",
        "status" : "PASSED"
      }, {
        "uid" : "3ab1c56b561843c2",
        "name" : "TC-01.08 (9 is not prime number)[TC-01.08 (9 is not prime number),9,false]",
        "title" : "08 (9 is not prime number) [TC-01.08 (9 is not prime number),9,false]",
        "time" : {
          "start" : 1527274045450,
          "stop" : 1527274045450,
          "duration" : 0
        },
        "severity" : "NORMAL",
        "status" : "PASSED"
      }, {
        "uid" : "9ec49c941ee64098",
        "name" : "TC-01.09 (10 is not prime number)[TC-01.09 (10 is not prime number),10,false]",
        "title" : "09 (10 is not prime number) [TC-01.09 (10 is not prime number),10,false]",
        "time" : {
          "start" : 1527274045451,
          "stop" : 1527274045452,
          "duration" : 1
        },
        "severity" : "NORMAL",
        "status" : "PASSED"
      }, {
        "uid" : "a6b31df27d9eb369",
        "name" : "TC-01.10 (11 is prime number)[TC-01.10 (11 is prime number),11,true]",
        "title" : "10 (11 is prime number) [TC-01.10 (11 is prime number),11,true]",
        "time" : {
          "start" : 1527274045453,
          "stop" : 1527274045454,
          "duration" : 1
        },
        "severity" : "NORMAL",
        "status" : "PASSED"
      }, {
        "uid" : "e9c86d9837666618",
        "name" : "TC-01.11 (12 is not prime number)[TC-01.11 (12 is not prime number),12,false]",
        "title" : "11 (12 is not prime number) [TC-01.11 (12 is not prime number),12,false]",
        "time" : {
          "start" : 1527274045455,
          "stop" : 1527274045455,
          "duration" : 0
        },
        "severity" : "NORMAL",
        "status" : "PASSED"
      }, {
        "uid" : "63b7c0fb7df195af",
        "name" : "TC-01.12 (13 is prime number)[TC-01.12 (13 is prime number),13,true]",
        "title" : "12 (13 is prime number) [TC-01.12 (13 is prime number),13,true]",
        "time" : {
          "start" : 1527274045457,
          "stop" : 1527274045457,
          "duration" : 0
        },
        "severity" : "NORMAL",
        "status" : "PASSED"
      }, {
        "uid" : "89639e78bf2849d2",
        "name" : "TC-01.13 (14 is not prime number)[TC-01.13 (14 is not prime number),14,false]",
        "title" : "13 (14 is not prime number) [TC-01.13 (14 is not prime number),14,false]",
        "time" : {
          "start" : 1527274045458,
          "stop" : 1527274045459,
          "duration" : 1
        },
        "severity" : "NORMAL",
        "status" : "PASSED"
      }, {
        "uid" : "733adf5254b4f01f",
        "name" : "TC-01.14 (15 is not prime number)[TC-01.14 (15 is not prime number),15,false]",
        "title" : "14 (15 is not prime number) [TC-01.14 (15 is not prime number),15,false]",
        "time" : {
          "start" : 1527274045460,
          "stop" : 1527274045463,
          "duration" : 3
        },
        "severity" : "NORMAL",
        "status" : "PASSED"
      }, {
        "uid" : "2a955b3b7aa90f10",
        "name" : "TC-01.15 (16 is not prime number)[TC-01.15 (16 is not prime number),16,false]",
        "title" : "15 (16 is not prime number) [TC-01.15 (16 is not prime number),16,false]",
        "time" : {
          "start" : 1527274045466,
          "stop" : 1527274045467,
          "duration" : 1
        },
        "severity" : "NORMAL",
        "status" : "PASSED"
      }, {
        "uid" : "155fde22f7e05db4",
        "name" : "TC-01.16 (17 is prime number)[TC-01.16 (17 is prime number),17,true]",
        "title" : "16 (17 is prime number) [TC-01.16 (17 is prime number),17,true]",
        "time" : {
          "start" : 1527274045473,
          "stop" : 1527274045474,
          "duration" : 1
        },
        "severity" : "NORMAL",
        "status" : "PASSED"
      }, {
        "uid" : "acff91a0e26707c9",
        "name" : "TC-01.17 (18 is not prime number)[TC-01.17 (18 is not prime number),18,false]",
        "title" : "17 (18 is not prime number) [TC-01.17 (18 is not prime number),18,false]",
        "time" : {
          "start" : 1527274045475,
          "stop" : 1527274045476,
          "duration" : 1
        },
        "severity" : "NORMAL",
        "status" : "PASSED"
      }, {
        "uid" : "41c07e3c5fa791c0",
        "name" : "TC-01.18 (19 is prime number)[TC-01.18 (19 is prime number),19,true]",
        "title" : "18 (19 is prime number) [TC-01.18 (19 is prime number),19,true]",
        "time" : {
          "start" : 1527274045477,
          "stop" : 1527274045478,
          "duration" : 1
        },
        "severity" : "NORMAL",
        "status" : "PASSED"
      }, {
        "uid" : "a6fbf56f5f640b4d",
        "name" : "TC-01.19 (20 is not prime number)[TC-01.19 (20 is not prime number),20,false]",
        "title" : "19 (20 is not prime number) [TC-01.19 (20 is not prime number),20,false]",
        "time" : {
          "start" : 1527274045479,
          "stop" : 1527274045480,
          "duration" : 1
        },
        "severity" : "NORMAL",
        "status" : "PASSED"
      } ]
    } ]
  } ]
}