{
  "hash" : "e7105c43ada45c9f6e0006854ef1a1d95249231d",
  "plugins" : {
    "total" : {
      "statistic" : {
        "total" : 19,
        "passed" : 19,
        "pending" : 0,
        "canceled" : 0,
        "failed" : 0,
        "broken" : 0
      },
      "time" : {
        "start" : 1527274045427,
        "stop" : 1527274045480,
        "duration" : 53
      }
    },
    "defects" : {
      "totalCount" : 0,
      "items" : [ ]
    },
    "xunit" : {
      "totalCount" : 1,
      "items" : [ {
        "uid" : "68c373412dfda4f9",
        "title" : "Surefire suite : Surefire test",
        "statistic" : {
          "total" : 19,
          "passed" : 19,
          "pending" : 0,
          "canceled" : 0,
          "failed" : 0,
          "broken" : 0
        }
      } ]
    },
    "behaviors" : {
      "totalCount" : 1,
      "items" : [ {
        "title" : "Without feature",
        "statistic" : {
          "total" : 19,
          "passed" : 19,
          "pending" : 0,
          "canceled" : 0,
          "failed" : 0,
          "broken" : 0
        }
      } ]
    },
    "environment" : [ ]
  }
}